id,firstname,lastname,email,email2,profession
100,Andree,Romelda,Andree.Romelda@yopmail.com,Andree.Romelda@gmail.com,developer
101,Tomasina,Silvan,Tomasina.Silvan@yopmail.com,Tomasina.Silvan@gmail.com,doctor
102,Basia,Darian,Basia.Darian@yopmail.com,Basia.Darian@gmail.com,firefighter
103,Gusella,Fadiman,Gusella.Fadiman@yopmail.com,Gusella.Fadiman@gmail.com,firefighter
104,Britni,Eno,Britni.Eno@yopmail.com,Britni.Eno@gmail.com,police officer
105,Livvyy,Andrel,Livvyy.Andrel@yopmail.com,Livvyy.Andrel@gmail.com,firefighter
106,Clary,Esmaria,Clary.Esmaria@yopmail.com,Clary.Esmaria@gmail.com,worker
107,Annora,Audly,Annora.Audly@yopmail.com,Annora.Audly@gmail.com,developer
108,Abbie,Jammal,Abbie.Jammal@yopmail.com,Abbie.Jammal@gmail.com,worker
109,Joleen,Han,Joleen.Han@yopmail.com,Joleen.Han@gmail.com,worker
110,Jany,Brotherson,Jany.Brotherson@yopmail.com,Jany.Brotherson@gmail.com,firefighter
111,Agathe,Elbertina,Agathe.Elbertina@yopmail.com,Agathe.Elbertina@gmail.com,developer
112,Dominga,Melan,Dominga.Melan@yopmail.com,Dominga.Melan@gmail.com,developer
113,Natka,Ruvolo,Natka.Ruvolo@yopmail.com,Natka.Ruvolo@gmail.com,doctor
114,Cissiee,Gamaliel,Cissiee.Gamaliel@yopmail.com,Cissiee.Gamaliel@gmail.com,developer
115,Donnie,Lindemann,Donnie.Lindemann@yopmail.com,Donnie.Lindemann@gmail.com,firefighter
116,Jerry,Juan,Jerry.Juan@yopmail.com,Jerry.Juan@gmail.com,worker
117,Bernie,Socha,Bernie.Socha@yopmail.com,Bernie.Socha@gmail.com,doctor
118,Hallie,Old,Hallie.Old@yopmail.com,Hallie.Old@gmail.com,worker
119,Kalina,Abbot,Kalina.Abbot@yopmail.com,Kalina.Abbot@gmail.com,worker
120,Sandie,Charmine,Sandie.Charmine@yopmail.com,Sandie.Charmine@gmail.com,developer
121,Elsie,Cynar,Elsie.Cynar@yopmail.com,Elsie.Cynar@gmail.com,police officer
122,Violet,Dudley,Violet.Dudley@yopmail.com,Violet.Dudley@gmail.com,firefighter
123,Kimberley,Shaver,Kimberley.Shaver@yopmail.com,Kimberley.Shaver@gmail.com,firefighter
124,Katuscha,Lowry,Katuscha.Lowry@yopmail.com,Katuscha.Lowry@gmail.com,firefighter
125,Roz,Deegan,Roz.Deegan@yopmail.com,Roz.Deegan@gmail.com,firefighter
126,Marsiella,Cloris,Marsiella.Cloris@yopmail.com,Marsiella.Cloris@gmail.com,doctor
127,Ernesta,Sherrie,Ernesta.Sherrie@yopmail.com,Ernesta.Sherrie@gmail.com,developer
128,Kalina,Faust,Kalina.Faust@yopmail.com,Kalina.Faust@gmail.com,firefighter
129,Melisent,Skell,Melisent.Skell@yopmail.com,Melisent.Skell@gmail.com,developer